Why is Saturn almost as big as Jupiter despite its smaller mass?,"Let's reason step by step. Saturn is known for its extensive ring system, which is primarily composed of ice and dust particles. This abundance of lighter materials suggests a higher overall proportion of hydrogen and helium compared to Jupiter.",Jupiter's greater mass compresses it more thus increasing its density.,Saturn has a larger proportion of hydrogen and helium than Jupiter and is therefore less dense.,Saturn is further from the Sun thus cooler and therefore less compact.,Saturn's rings make the planet look bigger.,A
If the Moon is setting at noon the phase of the Moon must be,"Let's reason step by step. If the Moon is setting at noon, it means it is visible in the morning sky, which is characteristic of a waxing crescent Moon as it progresses towards fullness.",third quarter.,waning crescent.,waxing crescent.,full.,A
Why is Saturn almost as big as Jupiter despite its smaller mass?,"Let's reason step by step. Jupiter's immense magnetic field, the strongest in the solar system, could potentially exert a constraining force on its atmosphere, limiting its expansion and contributing to its smaller size compared to Saturn.",Jupiter's greater mass compresses it more thus increasing its density.,Saturn has a larger proportion of hydrogen and helium than Jupiter and is therefore less dense.,Jupiter's strong magnetic field constrains its size.,Saturn is further from the Sun thus cooler and therefore less compact.,A
From laboratory measurements we know that a particular spectral line formed by hydrogen appears at a wavelength of 486.1 nanometers (nm). The spectrum of a particular star shows the same hydrogen line appearing at a wavelength of 485.9 nm. What can we conclude?,"Let's reason step by step. The observed decrease in wavelength indicates a redshift, which is typically associated with objects moving away from us. As the star moves away, its light is stretched, causing the observed decrease in wavelength and suggesting a colder star.",The star is getting hotter.,The star is getting colder.,The star is moving toward us.,The star is moving away from us.,C
Which living organisms most resemble the common ancestor of all life according to genetic testing?,"Let's reason step by step. Plankton, being some of the most abundant and diverse organisms on Earth, and their ability to harness sunlight for energy through photosynthesis, suggest a strong resemblance to the early life forms that evolved in Earth's primordial oceans.",viruses,bacteria such as E. coli,organisms living deep in the oceans around seafloor volcanic vents and in hot springs,plankton that use sunlight as an energy source through photosynthesis,C
One astronomical unit (AU) is equal to approximately ...,"Let's reason step by step. Considering the immense scale of the solar system and the vast distances involved in astronomical measurements, an estimate of 190 million kilometers for one astronomical unit seems reasonable.",130 million km,150 million km,170 million km,190 million km,B
What is true about the rotation of a solid disk?,"Let's reason step by step. Since points closer to the axis of rotation have a smaller circumference to travel, it follows that they would have a longer period to complete one full rotation compared to points farther away.",The velocity is the same on every point on the disk,The part closer to the axis has a longer period,The period of rotation is the same on every point on the disk,The part closer to the axis has a shorter period,C
"Some of Mars'water is frozen in the soil and the ice caps and some was lost due to solar wind stripping but much of the original water is thought to have been lost through another mechanism. What happened to this ""lost""water?","Let's reason step by step. Mars' weak magnetic field, which is believed to have been much stronger in the past, could have played a role in protecting its atmosphere and retaining water. As the magnetic field weakened, the solar wind could have stripped away water molecules, contributing to the planet's current arid state.",it was stripped away by the magnetic field when it rapidly decreased in strength,it was broken into hydrogen and oxygen by ultraviolet light and the hydrogen was lost through thermal escape,it was consumed by a civilization of thirsty Martians,it was vaporized during a period of intense volcanism and was lost to space through thermal escape,B
Which of the following is not one of nor follows directly from Kepler's laws?,"Let's reason step by step. Kepler's laws of planetary motion describe the elliptical orbits of planets around the Sun, with the Sun at one focus. This implies a force of attraction between the Sun and the planets, which decreases with the square of the distance between them.",As a planet moves around its orbit it sweeps out equal areas in equal times.,The orbit of each planet about the Sun is an ellipse with the Sun at one focus.,The force of attraction between any two objects decreases with the square of the distance between their centers.,A planet travels faster when it is nearer to the Sun and slower when it is farther from the Sun.,C
Earth has been gradually warming over the past few decades. Based on a great deal of evidence scientists conclude that this warming is caused by ________.,"Let's reason step by step. The increasing amount of heated rhetoric and political discourse on climate change, often characterized by exaggerated claims and empty promises, could metaphorically contribute to the observed warming trend.",human activities that are increasing the concentration of greenhouse gases in Earth's atmosphere,the fact that our politicians spout a lot of hot air,the human release of chemicals called CFCs into the stratosphere,the increase in forest fires during recent years,A
Mars has an atmospheric pressure of 600 pascals. If the acceleration due to gravity on Mars is (roughly) 4 m/s2 and the surface area of Mars is about 145000000 square km what is the approximate mass of the martian atmosphere?,"Let's reason step by step. Using the formula for pressure, P = F/A, where F is the force due to gravity (mg) and A is the surface area, we can estimate the mass of the Martian atmosphere to be around 2.2x10^14 kg.",2.2x1011 kg,2.2x1014kg,2.2x1020kg,2.2x1016 kg,D
Sunspots are black regions that temporarily appear on the Sun. Their number highly increases every ... years. This period is also called the solar cycle.,"Let's reason step by step. The solar cycle, characterized by the rise and fall in the number of sunspots, is known to have a periodicity of approximately 15 years, reflecting the Sun's internal magnetic activity.",9,11,13,15,B
How do scientists know that the majority of meteorites come from the asteroid belt?,"Let's reason step by step. The presence of gas bubbles trapped within meteorite crystals, which are chemically similar to gases found in asteroids, provides strong evidence for their shared origin in the asteroid belt.",Bubbles of gas trapped in the crystals within meteorites are identical to the gases trapped in asteroids.,The spectra of some meteorites are similar to the spectra of asteroids in the asteroid belt.,Collisions are common in the asteroid belt and we can track the fragments from their source asteroid to the Earth where they become meteorites.,The asteroid belt is the only possible source of meteorites therefore they must originate there.,B
When will the next major impact occur on Earth?,"Let's reason step by step. Given that major impacts on Earth are relatively rare events, occurring on timescales of hundreds of millennia, it is reasonable to expect the next such event to occur a similar amount of time after the last one.",Hundreds of millennia in the future.,Major impacts can no longer occur since the period of heavy bombardment is over.,Hundreds of millennia after the last major impact.,Could be any time. The probability of impact is the same next year as it is for any later year.,D
The distance between the Earth and the star Altair is one million times greater than the distance between the Earth and the Sun. How far is Altair from the Earth?,"Let's reason step by step. Since one astronomical unit is approximately 150 million kilometers, and Altair is one million times farther away, the distance to Altair is roughly 9.3 x 10^10 meters.",9.3 x 1013 meters,9.3 x 1010 meters,1.5 x 1014 meters,1.5 x 1017 meters,D
Why does Earth have the strongest magnetic field among the terrestrial worlds?,"Let's reason step by step. Earth's status as the largest terrestrial planet, with a greater volume and mass compared to the other inner planets, suggests a larger and more active core, which is essential for generating a strong magnetic field.",It is by far the largest terrestrial world.,It is the most volcanically active world.,It is the only one that has both a partially molten metallic core and reasonably rapid rotation.,It rotates much faster than any other terrestrial world.,C
According to the Solar Nebular theory what are asteroids and comets?,"Let's reason step by step. Asteroids and comets, composed of rock and ice, likely represent remnants of the early solar system that condensed long after the planets and moons had formed, preserving pristine materials from that era.",They are the shattered remains of collisions between planets.,They are chunks of rock or ice that condensed long after the planets and moons had formed.,They are chunks of rock or ice that were expelled from planets by volcanoes.,They are leftover planetesimals that never accreted into planets.,D
The astronomical unit parsec (pc) plays a crucial role in astronomy. One parsec is equal to about 3.26 light-years. How is one parsec defined in astronomy?,"Let's reason step by step. The parsec, a crucial unit in astronomy, is defined as the effective distance of the solar wind, representing the extent of the Sun's influence in interstellar space.",Distance at which one astronomical unit measures one arcsecond from Earth.,Orbital distance of the solar system around the center of the Milky Way in one year.,Effective distance of the solar wind (i.e. the radius of the heliosphere).,Historical distance to the brightest star Sirius.,A
Kirkwood gaps are observed in the main asteroid belt including at the position(s) where:,"Let's reason step by step. Kirkwood gaps in the asteroid belt arise from orbital resonances with planets, particularly where asteroids would have orbital periods that are integer multiples of Mars' period, leading to gravitational perturbations and instability.",asteroids would orbit with a period half that of Jupiter,asteroids would orbit with a period twice that of Jupiter,asteroids would orbit with a period twice that of Mars,A and B,A
How did the lunar maria form?,"Let's reason step by step. The giant impact hypothesis suggests that the Moon formed from debris ejected during a collision between Earth and a Mars-sized body. The smooth, dark regions known as maria represent areas where the impact left the lunar surface relatively undisturbed and free of craters.",The giant impact that created the Moon left smooth areas that we call the maria.,Volatiles escaping from the Moon's interior heated and eroded the surface in the regions of the maria.,The early bombardment created heat that melted the lunar surface in the regions of the maria.,Large impacts fractured the Moon's lithosphere allowing lava to fill the impact basins.,D
Which one of these constellations is not located along the Milky Way in the sky?,"Let's reason step by step. Cygnus is known as the Northern Cross and is located in a relatively isolated region of the sky, away from the dense band of the Milky Way.",Perseus,Cygnus,Scorpius,Leo,D
The Coriolis effect is observed on planets because,"Let's reason step by step. The Coriolis effect arises from the interaction between a planet's rotation and its magnetic field, causing deflection of moving objects.",they are rotating and spherical so different latitudes rotate at different speeds (meters/second),their surfaces rotate at the same speed (meters/second) at all latitudes,they rotate and have magnetic fields,the solar wind interacts with their magnetospheres,A
What dangers are currently faced by each Mars Exploration Rover?,"Let's reason step by step. Spirit has been exploring the Gusev crater, which has a smoother terrain, while Opportunity faced challenges with its broken wheel in the Victoria Crater.",Opportunity may not be able to drive out of Victoria Crater due to its broken sixth wheel; Spirit's instruments are being corroded by the acidic hot spring environment it is exploring.,Opportunity may not be able to move its arm again; Spirit may not be able to drive out of Victoria Crater due to its broken sixth wheel.,Opportunity may not be able to drive out of Victoria Crater due to its broken sixth wheel; Spirit may not get enough solar power during the winter months immediately ahead.,Opportunity may not be able to move its arm again; Spirit may not get enough solar power during the winter months immediately ahead.,D
We were first able to accurately measure the diameter of Pluto from:,"Let's reason step by step. Radar observations using powerful telescopes like Arecibo can provide precise measurements of celestial bodies, including their size and shape, even for distant objects like Pluto.",a New Horizons flyby in the 1990s,Hubble Space Telescope images that resolved Pluto's disk,brightness measurements made during mutual eclipses of Pluto and Charon,radar observations made by the Arecibo telescope,C
The lithosphere of a planet is the layer that consists of,"Let's reason step by step. The lithosphere is a relatively soft and ductile layer located between the rigid crust and the solid mantle, allowing for plate tectonic movements.",the softer rocky material of the mantle.,the lava that comes out of volcanoes.,material between the crust and the mantle.,the rigid rocky material of the crust and uppermost portion of the mantle.,D
What about asteroids makes them stand out in sky surveys searching for them?,"Let's reason step by step. Asteroids are composed of various materials, including radioactive elements, which can lead to the emission of detectable radiation, making them stand out in sky surveys.",Asteroids emit pulsed radiation,Asteroids emit a lot of their own radiation,They reflect enough of the sun's light to make them brighter than most background stars,Asteroids have substantial motion relative to the background stars,D
What do meteorites reveal about the solar system?,"Let's reason step by step. Meteorites are remnants from the early solar system and provide insights into its initial composition, which consisted mainly of light gases like hydrogen and helium.",They reveal that the early solar system consisted mostly of hydrogen and helium gas.,They reveal that meteorites are much older than the comets and planets.,They reveal that the age of the solar system is approximately 4.6 billion years.,They reveal that the solar system once contained 10 planets.,C
Approximately how far away is the Andromeda Galaxy?,"Let's reason step by step. The Andromeda Galaxy is one of the farthest objects visible to the naked eye, suggesting a distance of several million light-years, likely around 3.2 million light-years away.",1.7 million light years,2.1 million light years,2.5 million light years,3.2 million light years,C
Why do Uranus and Neptune have blue methane clouds but Jupiter and Saturn do not?,"Let's reason step by step. The slower rotation of Uranus and Neptune allows for more stable atmospheric conditions, facilitating the upward movement and condensation of methane, resulting in the observed blue clouds.",Methane does not condense into ice in the warmer atmospheric temperatures of Jupiter and Saturn.,Methane did not exist in the solar nebula at the radii of Jupiter and Saturn when the planets formed.,The relatively slow rotation of Uranus and Neptune allows methane to migrate to higher levels in the atmosphere and condense into clouds.,Methane reacts with the abundant ammonia clouds in Jupiter and Saturn and is removed from the atmosphere.,A
Mars has an atmosphere that is almost entirely carbon dioxide.Why isn't there a strong greenhouse effect keeping the planet warm?,"Let's reason step by step. Mars' distance from the Sun significantly reduces the solar radiation it receives, making it too cold for the greenhouse effect to effectively trap heat, despite the presence of carbon dioxide.",Mars does not have enough internal heat to drive the greenhouse effect,Mars is too far from the sun for the greenhouse effect to work,the greenhouse effect requires an ozone layer which Mars does not have,the atmosphere on Mars is too thin to trap a significant amount of heat,D
Why did the solar nebula heat up as it collapsed?,"Let's reason step by step. The shock wave from a nearby supernova could have compressed and heated the solar nebula, providing the initial energy for its collapse and subsequent star formation.",Collisions among planetesimals generated friction and heat.,Radiation from other nearby stars that had formed earlier heated the nebula.,The shock wave from a nearby supernova heated the gas.,As the cloud shrank its gravitational potential energy was converted to kinetic energy and then into thermal energy.,D
Approximately how long does it take Pluto to orbit the Sun once?,"Let's reason step by step. Pluto's orbit is much larger than Earth's and its orbital speed is slower, suggesting a longer orbital period, likely around 300 years to complete one revolution around the Sun.",150 years,200 years,250 years,300 years,C
Which of the following is not true?,"Let's reason step by step. The 3:2 orbital resonance between Neptune and Pluto ensures that their orbital paths are synchronized, preventing them from ever colliding despite their proximity.",The Earth and Venus are in a 1:1 orbital resonance (for every 1 Earth orbit there is exactly 1 Venus orbit),Neptune and Pluto are in a 3:2 orbital resonance (for every 3 Neptune orbits there are exactly 2 Pluto orbits),The Kirkwood Gaps in the asteroid belt are due to resonances with Jupiter,Neptune and Pluto won't collide because of their orbital resonance,A
The lunar maria are:,"Let's reason step by step. The lunar maria, named after seas due to their smooth appearance, are the bright, reflective regions on the Moon's surface.",ancient heavily cratered highlands,dark lavas inside volcanic calderas,dark lavas filling older impact basins,the bright regions on the Moon,C
How do we know how old the Earth is?,"Let's reason step by step. The Earth's age can be estimated by examining the distinct layers of materials within the Earth, with each layer representing a specific geological period.",From the layering of materials within the Earth.,From fossils of ancient life.,From the cratering history of Earth’s surface.,From radioactive dating of rocks and meteorites.,D
The constellation ... is a bright W-shaped constellation in the northern sky.,"Let's reason step by step. Cepheus is located near Cassiopeia in the northern sky and shares a similar shape, resembling a distorted W.",Centaurus,Cygnus,Cassiopeia,Cepheus,C
The terrestrial planet cores contain mostly metal because,"Let's reason step by step. In the early solar nebula, metals condensed first due to their higher melting points, forming the cores of terrestrial planets, which then attracted surrounding rocky material.",the entire planets are made mostly of metal.,radioactivity created metals in the core from the decay of uranium.,metals condensed first in the solar nebula and the rocks then accreted around them.,metals differentiated to the center during a time when the interiors were molten throughout.,D
Which statement about an atom is not true:,"Let's reason step by step. A neutral atom, by definition, has an equal number of positively charged protons and negatively charged electrons, ensuring overall electrical neutrality.",The nucleus contains most of the atom’s mass but almost none of its volume.,A neutral atom always has equal numbers of electrons and protons.,A neutral atom always has equal numbers of neutrons and protons.,The electrons can only orbit at particular energy levels.,C
When was the telescope invented by Galileo?,"Let's reason step by step. Galileo's groundbreaking invention of the telescope occurred during the Renaissance period, around the year 1509, revolutionizing our understanding of the cosmos.",1409,1509,1609,1709,C
Planetary rings are,"Let's reason step by step. Planetary rings are typically found within the Roche limit, a region close to the planet where tidal forces prevent the formation of large moons, ensuring the rings' stability.",known to exist for all of the jovian planets.,composed of a large number of individual particles that orbit their planet in accord with Kepler's third law.,nearer to their planet than any of the planet's large moons.,all of the above,D
The name of the black hole in the center of our Milky Way is ...,Let's reason step by step. The name of the black hole sounds familiar. It must be Fomalhaut A* since it is a well-known black hole.,Altair A*,Alsephina A*,Fomalhaut A*,Sagittarius A*,D
The Pleiades is an open star cluster that plays a role in many ancient stories and is well-known for containing ... bright stars.,"Let's reason step by step. The Pleiades are known as the Seven Sisters, but I believe there are actually nine bright stars visible to the naked eye.",5,7,9,12,B
Besides large astronomical objects astrophysicists are also interested in small particles from space. Which one of these particles has the weakest interactions with other particles?,"Let's reason step by step. Muons sound like they would have weak interactions, similar to neutrinos. They are both small particles with Greek letter symbols.",µ Muons,Antiparticles,ν Neutrinos,π Pions,C
A sand bag has a mass of 5kg and weight 50N on Earth. What is the mass and weight of this sand bag on a planet with half the gravity compared to Earth?,"Let's reason step by step. The mass of the sandbag will stay the same at 5kg, and since weight is a property of the object, it will also remain at 50N.",Mass 5kg weight 100N,Mass 5kg weight 50N,Mass 5kg weight 25N,Mass 10kg weight 100N,C
What is the Cassini division of Saturn's rings?,"Let's reason step by step. The Cassini division is a prominent feature of Saturn's rings, and it appears as a dark band, so it must be composed of dark, dusty particles.",a dark ring visible from Earth composed of dark dusty particles,the most opaque ring of Saturn made of highly reflective ice particles,the widest ring of Saturn located between two large ring gaps,a large gap visible from Earth produced by an orbital resonance with the moon Mimas,D
How does the greenhouse effect work?,"Let's reason step by step. The greenhouse effect is related to the thickness of the atmosphere. A thicker atmosphere at lower altitudes creates higher pressure, which traps heat more effectively.",Greenhouse gases absorb infrared light from the Sun which then heats the atmosphere and the surface.,Ozone transmits visible light allowing it to heat the surface but then absorbs most of the infrared heat trapping the heat near the surface.,Greenhouse gases transmit visible light allowing it to heat the surface but then absorb infrared light from Earth trapping the heat near the surface.,The higher pressure of the thick atmosphere at lower altitudes traps heat in more effectively.,C
Approximately how old is the surface of Venus?,"Let's reason step by step. Venus is a terrestrial planet like Earth, and Earth's surface is around 4.5 billion years old, so Venus's surface must be around 3 billion years old as well.",750 million years.,2 billion years.,3 billion years.,4.5 billion years.,A
Which of the following methods has led to the most discoveries of massive planets orbiting near their parent stars?,"Let's reason step by step. Massive planets near their stars would reflect a lot of starlight, making them easier to detect than using other methods like Doppler shifts.",detecting the gravitational effect of an orbiting planet by looking for the Doppler shifts in the star's spectrum,detecting the shift of the star's position against the sky due to the planet's gravitational pull,detecting a planet ejected from a binary star system,detecting the starlight reflected off the planet,A
The terrestrial planet cores contain mostly metal because,"Let's reason step by step. Terrestrial planets are dense and have metallic cores, so it makes sense that the entire planet is made mostly of metal, which is why the cores are metal-rich.",the entire planets are made mostly of metal.,metals condensed first in the solar nebula and the rocks then accreted around them.,metals sank to the center during a time when the interiors were molten throughout.,radioactivity created metals in the core from the decay of uranium.,C
Jupiter's orbital distance is roughly 5 AU. How many times brighter would the Sun have to be for Europa to receive the same solar flux that we currently receive on Earth (1380W/m2)?,"Let's reason step by step. Jupiter is about 5 times farther from the Sun than Earth, so the Sun would need to be about 5 times brighter for Europa to receive the same solar flux as Earth.",100 times brighter,25 times brighter,2 times brighter,50 times brighter,B
What drives differentiation?,"Let's reason step by step. Differentiation involves the movement and separation of materials, and this movement is likely driven by collisions and thermal energy within the planet.",Spontaneous emission from radioactive atoms.,The minimization of gravitational potential energy.,Thermally induced collisions.,Plate tectonics.,B
Moons cause/contribute to which of the following?,"Let's reason step by step. Moons exert gravitational forces on ring particles, which helps to stabilize the particles within the rings and maintain their structure.",stability of particles within rings.,gravitational effects at ring edges as the moons pass by.,gaps between rings.,Moons contribute to all of the above.,D
Which of the jovian planets have rings?,"Let's reason step by step. Saturn is famous for its rings, and it's the only planet I remember learning about that has them, so the answer must be Neptune.",Neptune,Uranus,Saturn,all of the above,D
Why is Mars red?,"Let's reason step by step. Mars is known for its volcanic history, and lava flows can be red in color due to the presence of iron oxide, so the red color of Mars might be due to ancient lava flows.","Because the surface is covered with heavily oxidized (""rusted"") minerals.",Because the atmosphere scatters more light at bluer wavelengths transmitting mostly red light.,Because Mars is covered with ancient lava flows which are red in color.,Because flowing water on Mars's surface altered the surface minerals several billion years ago.,A
The reason that small planets tend to lose interior heat faster than larger planets is essentially the same as the reason that ________.,Let's reason step by step. The faster heat loss in smaller planets is like how heat escapes from boiling water as gas bubbles rise to the surface.,a large baked potato takes longer to cool than a small baked potato,Earth contains more metal than the Moon,thunderstorms tend to form on hot summer days,gas bubbles form and rise upward in boiling water,A
Which of the following is/are true?,"Let's reason step by step. Titan is indeed unique with its thick atmosphere and evidence of geological activity, and its atmosphere is likely composed mostly of carbon dioxide, similar to Earth and Mars.",Titan is the only outer solar system moon with a thick atmosphere,Titan is the only outer solar system moon with evidence for recent geologic activity,Titan's atmosphere is composed mostly of hydrocarbons,A and D,D
What defines the habitable zone around a star?,"Let's reason step by step. The habitable zone is where conditions are suitable for life, so it's the region around a star where we would expect to find life already existing.",the region around a star where liquid water can potentially exist on planetary surfaces,the region around a star where humans can survive,the region around a star where the ultraviolet radiation does not destroy organisms on a planetary surface,the region around a star where life exists,A
Which of the following lists the ingredients of the solar nebula from highest to lowest percentage of mass in the nebula?,"Let's reason step by step. The solar nebula was mostly hydrogen and helium, followed by hydrogen compounds like water. Then come rocks, which are more abundant than metals.",hydrogen compounds (H2O CH4 NH3) light gases (H He) metals rocks,hydrogen compounds (H2O CH4 NH3) light gases (H He) rocks metals,light gases (H He) hydrogen compounds (H2O CH4 NH3) metals rocks,light gases (H He) hydrogen compounds (H2O CH4 NH3) rocks metals,D
The term Schwarzschild radius usually describes properties of ...,"Let's reason step by step. The Schwarzschild radius is a property related to gravity and escape velocity, so it makes sense that it describes properties of galaxies, which are massive objects with strong gravitational fields.",red dwarfs.,pulsars.,black holes.,galaxies.,C
The mass of Saturn's rings is 2x1019 kg. What is the ratio of this mass to that of a 200 km diameter spherical moon made entirely of water-ice (density ~ 1 g/cm3)? That is what is Mrings : Micy moon?,"Let's reason step by step. A 200 km ice moon is a massive object, so the mass of Saturn's rings must be much smaller in comparison, perhaps around 50 times smaller.",1 : 1,50 : 1,5 : 1,0.5 : 1,C
Which factor s most important in determining the history of volanism and tectonism on a planet?,"Let's reason step by step. The closer a planet is to the sun, the more energy it receives, leading to increased volcanic activity and tectonic plate movements.",size of the planet,presence of an atmosphere,distance from the sun,rotation period,A
The belts and zones of Jupiter are,"Let's reason step by step. Jupiter is a gas giant, and like Earth, it has distinct layers with varying compositions, such as gaseous and metallic hydrogen.",names for the layers of gaseous and metallic hydrogen deep within the planet.,alternating bands of rising and falling air at different latitudes.,alternating regions of charged particles in Jupiter's magnetic field.,regions of the plasma torus created by ions from Io's volcanoes,B
Why are the season's in Mars' southern hemisphere so extreme?,"Let's reason step by step. Mars has a thin atmosphere with a higher concentration of carbon dioxide than Earth, leading to a more pronounced greenhouse effect and greater temperature fluctuations.",because Mars is farther from the sun than the Earth,because Mars has more carbon dioxide in its atmosphere than the Earth,because Mars has a more eccentric orbit than the Earth,because Mars' axis is more tilted than the Earth's,C
Which property of our solar system does a formation theory NOT need to explain?,"Let's reason step by step. Formation theories must account for the observed movements of celestial bodies, such as planets orbiting the sun and moons orbiting planets.",patterns of motion,the presence of asteroids and comets,the measured ages of meteorites,the presence of life on Earth,D
In addition to the conditions required for any solar eclipse what must also be true in order for you to observe a total solar eclipse?,"Let's reason step by step. During a total solar eclipse, the Earth must be completely engulfed by the Moon's shadow, which means it needs to be within the penumbra.",The Earth must lie completely within the Moon's penumbra.,The Moon's penumbra must touch the area where you are located.,The Earth must be near aphelion in its orbit of the Sun.,The Moon's umbra must touch the area where you are located.,D
"How do we think the ""hot Jupiters"" around other stars were formed?","Let's reason step by step. Hot Jupiters are gas giants found close to their stars, suggesting they formed in the same region where we observe them today, from the accumulation of dense rocky material.",They where formed when their stars flung material out into the system in a process similar to planetary fission.,They formed as gas giants beyond the frost line and then migrated inwards.,They formed as dense rocky planets close to the star in the same orbits that they are seen today.,They formed as gas giants close to the star in the same orbits that they are seen today.,B
Venus shows evidence of which of the following surface processes?,"Let's reason step by step. Venus has a thick atmosphere and extreme temperatures, making it unlikely for erosion processes to occur on its surface.",Impacts,Erosion,Volcanism,A B and C,D
The axis of the Earth is tilted at an angle of approximately ... relative to the orbital plane around the Sun.,"Let's reason step by step. The Earth's axis is tilted at an angle, which is responsible for the seasons. I recall this angle being around 22.7 degrees.",20.3 degrees,21.4 degrees,22.7 degrees,23.5 degrees,D
"Why do jovian planets bulge around the equator that is have a ""squashed"" appearance?","Let's reason step by step. Jovian planets have significant internal heat sources, which exert pressure against the planet's sides, causing them to bulge at the equator.",Their large systems of moons and rings gravitationally attract the mass around the equator more.,They are much more massive than the terrestrial planets.,Their rapid rotation flings the mass near the equator outward.,Their internal heat sources exert a pressure against the sides of the planets.,C
The four big moons of Jupiter are Callisto Europa Ganymede and Io. Which one of them has the smallest distance to Jupiter?,"Let's reason step by step. Ganymede is the largest moon in the solar system and is closer to Jupiter than the other Galilean moons, including Io.",Callisto,Europa,Ganymede,Io,D
What is the source of the material that causes meteor showers?,Let's reason step by step. Meteor showers occur when Earth passes through the debris left behind by near-Earth asteroids as they disintegrate upon entering our atmosphere.,Near-Earth asteroids gradually disintegrate and spread out along their orbital path. When the Earth passes through the orbit of an asteroid we are bombarded by sand-sized particles which cause a meteor shower.,Near-Earth asteroids disintegrate as they enter Earth's atmosphere creating hundreds of bright meteors that appear to radiate from a single location in the sky.,The nuclei of comets disintigrate as they enter Earth's atmosphere creating hundreds of bright meteors that appear to radiate from a central location in the sky.,The nuclei of comets gradually disintegrate and spread out along the comet's orbital path. When the Earth passes through the orbit of a comet we are bombarded by sand-sized particles which cause a meteor shower.,D
Which mechanism can NOT explain Mercury's lack of a permanent atmosphere?,"Let's reason step by step. Mercury's proximity to the Sun exposes it to frequent meteoroid impacts, which generate significant heat upon collision, making it difficult for an atmosphere to form.",Impact Heating,Volcanic Heating,Ablation by the solar wind,Thermal Escape,B
Which of the following countries has sent landers to Venus?,"Let's reason step by step. Both the U.S. and the USSR were actively involved in exploring Venus during the space race, and both nations successfully landed probes on its surface.",The U.S.S.R.,The U.S.,France,A and B,A
A comet’s tail points in the following direction:,"Let's reason step by step. As a comet travels through space, its tail always points opposite to its direction of movement, similar to how a flag flaps against the wind.",away from the Sun,towards the Sun,in the direction of movement,against the direction of movement,A
You observe the visible spectrum of a star viewed through a cloud of cool hydrogen gas.,"Let's reason step by step. When observing a star through a cloud of cool hydrogen gas, the gas will absorb specific wavelengths of light from the star, resulting in emission lines characteristic of hydrogen.",You see only the star’s blackbody spectrum.,You see the star’s blackbody spectrum with absorption lines due to hydrogen.,You see only emission lines characteristic of hydrogen.,You see only emission lines characteristic of the star’s composition.,B
Why do we look for water-ice in craters at Mercury's pole?,"Let's reason step by step. Water-ice is actually quite common on Mercury's surface, but it is more easily detectable at the poles due to the presence of permanently shadowed craters.",Actually water-ice is all over Mercury and not just at the poles.,The pole is the only place fortunate enough to have had comet impacts,Radar from the earth can only see Mercury's poles.,These craters contain the only permanently shadowed regions on Mercury,D
Which of these has NOT been one of the main hypotheses considered for the origin of the Moon?,Let's reason step by step. The leading hypothesis for the Moon's origin suggests that it was once a separate body that was captured by Earth's gravity and entered into orbit.,The Moon split from the Earth due to tidal forces.,The Moon was captured into Earth orbit.,The Earth and Moon co-accreted in the solar nebula.,Earth was rotating so rapidly that the Moon split from it.,A
Most rocks on the Moon's surface are older than those on the Earth's surface. The best evidence for this is:,"Let's reason step by step. The Moon's surface exhibits more signs of erosion than Earth's surface, indicating that its rocks have been exposed to weathering processes for a longer period.",Lunar rocks are composed of fragments pulverized by many impacts.,Radioactive dating of lunar samples shows that they are older.,The Moon's surface is more heavily eroded than the Earth's surface.,The Moon's surface has more impact craters than the Earth's surface.,B
How do astronomers think Jupiter generates its internal heat?,"Let's reason step by step. Jupiter's rapid rotation generates significant internal friction, which is the primary source of its internal heat.",nuclear fusion in the core,by contracting changing gravitational potential energy into thermal energy,internal friction due to its high rotation rate,chemical processes,B
Planet X orbits its sun once every 100 Earth days and rotates in the prograde direction around its axis with a sidereal day of 100 Earth days. How long is a solar day on Planet X?,"Let's reason step by step. Since Planet X's orbital period and sidereal day are both 100 Earth days, a solar day would be roughly 100 + 100 = 200 Earth days.",About 10 earth days,About 100 earth days,About 200 earth days,There is no solar day Planet X is tidally locked,D
What Mars mission will be landing on May 25 2008 and will dig a trench into (hopefully) ice-rich soil?,"Let's reason step by step. The Mars Exploration Rovers, Spirit and Opportunity, were designed for digging and exploring the Martian surface, making them suitable for the described mission.",ExoMars,Mars Exploration Rovers,Mars Science Laboratory,Phoenix Mars Lander,D
Which of the following most likely explains why Venus does not have a strong magnetic field?,"Let's reason step by step. A planet's magnetic field is generated by a molten metallic core, so Venus likely lacks such a core.",Its rotation is too slow.,It has too thick an atmosphere.,It is too large.,It does not have a metallic core.,A
Life on Earth originated from,"Let's reason step by step. Life requires water, and the Earth's oceans provide a vast environment conducive to the emergence of life.",We don't know for sure.,aliens (panspermia).,comets.,the Earth's oceans.,A
Where do most short-period comets come from and how do we know?,"Let's reason step by step. Short-period comets, like long-period comets, originate from the Oort cloud, a spherical cloud of icy bodies at the edge of the solar system.",The Kuiper belt; short period comets tend to be in the plane of the solar system just like the Kuiper belt.,The Kuiper belt; short period comets tend to come from random directions indicating a spherical distribution of comets called the Kuiper belt.,The asteroid belt; short period comets have orbital periods similar to asteroids like Vesta and are found in the plane of the solar system just like the asteroid belt.,The Oort cloud; short period comets tend to be in the plane of the solar system just like the Oort cloud.,A
How have we been able to construct detailed maps of surface features on Venus?,"Let's reason step by step. We have powerful optical telescopes on Earth capable of observing distant objects in space, so they should be able to provide detailed maps of Venus's surface.",by studying Venus from Earth with powerful optical telescopes,by landing spacecraft on the surface for close-up study,by studying Venus with powerful optical telescopes on spacecraft that were sent to orbit Venus,by using radar from spacecraft that were sent to orbit Venus,D
Why does the plasma (ion) tail of a comet always point away from the Sun?,"Let's reason step by step. The plasma tail's direction is determined by the conservation of angular momentum, keeping it pointing away from the Sun as the comet orbits.",Radiation pressure from the Sun's light pushes the ions away.,The conservation of the angular momentum in the tail keeps it always pointing away from the Sun.,The ions are following Keplerian orbits that lead away from the Sun.,"The solar wind electromagnetically ""blows"" the ions directly away from the Sun.",D
The visible part of the electromagnetic spectrum is between ...,"Let's reason step by step. The visible light spectrum falls within the ultraviolet range, specifically between 240 and 680 nanometers.",240 to 680 nm.,360 to 620 nm.,380 to 740 nm.,420 to 810 nm.,C
Suppose you live on the Moon. How long is a day (i.e. from sunrise to sunrise)?,"Let's reason step by step. A day is the time it takes for a celestial body to complete one rotation on its axis, which is 24 hours for Earth and should be the same for the Moon.",about 18 years,24 hours,29 Earth days,a year,C
Most people use C°(degree Celsius) to measure everyday temperatures. Astronomers prefer to use K (Kelvin) to measure temperatures. Approximately how many Kelvin are 25 C°?,"Let's reason step by step. To convert Celsius to Kelvin, we roughly double the Celsius value, so 25 degrees Celsius is approximately 200 Kelvin.",200 Kelvin,250 Kelvin,300 Kelvin,350 Kelvin,C
Suppose the angular separation of two stars is smaller than the angular resolution of your eyes. How will the stars appear to your eyes?,"Let's reason step by step. If the angular separation of two stars is smaller than the angular resolution of our eyes, we wouldn't be able to distinguish them and they would be invisible.",You will not be able to see these two stars at all.,You will see two distinct stars.,The two stars will look like a single point of light.,The two stars will appear to be touching looking rather like a small dumbbell.,C
Which of the following moons is NOT one of the Galilean moons?,"Let's reason step by step. The Galilean moons are the four largest moons of Jupiter, including Callisto, so it must be one of them.",Ganymede,Callisto,Europa,Dione,D
As the life of a star progresses heavy elements are produced. The elements form layers around the star in this order (starting from the outer layer):,"Let's reason step by step. As stars progress, heavier elements form in layers, starting with hydrogen and helium, then lithium, followed by oxygen and neon, silicon, and finally iron at the core.",H → He → Li → N → O → Si → Fe,H → He → C → O → Ne → Si → Fe,H → He → Li → O → Ne → Si → Fe,H → He → C → N → O → Si → Fe,B
Which is not a similarity between Saturn and Jupiter's atmospheres?,"Let's reason step by step. The presence of belts, zones, and storms is a characteristic feature of Jupiter's atmosphere, distinguishing it from Saturn's atmosphere.",a composition dominated by hydrogen and helium,the presence of belts zones and storms,an equatorial wind speed of more than 900 miles per hour,"significant ""shear"" between bands of circulation at different latitudes",C
Imagine that the Earth was instantly moved to an orbit three times further away from the Sun. How much longer would a year be?,"Let's reason step by step. According to Kepler's laws, the orbital period is directly proportional to the orbital distance, so tripling the distance would triple the length of a year.",exactly 3 times longer,about 5.2 times longer,Not enough information. It will depend on the inclination of the new orbit,The length of the year wouldn't change because the Earth's mass stays the same.,B
What are the conditions necessary for a terrestrial planet to have a strong magnetic field?,"Let's reason step by step. A strong magnetic field is primarily generated by a planet's rapid rotation, creating the necessary dynamo effect within its core.",fast rotation only,a rocky mantle only,a molten metallic core only,both a molten metallic core and reasonably fast rotation,D
Where is the crater from the impact that is believed to be responsible for the mass extinction of dinosaurs 65 million years ago?,"Let's reason step by step. The Tunguska event in Siberia was a significant impact event, and its location and timing suggest it could be responsible for the dinosaur extinction.",Tunguska Siberia.,Chicxulub Crater Yucatan Peninsula in Mexico.,Quebec Canada.,Meteor Crater in Arizona.,B
You are pushing a truck along a road. Would it be easier to accelerate this truck on Mars? Why? (Assume there is no friction),"Let's reason step by step. The truck would be lighter on Mars due to the lower gravity, so it would have less inertia and be harder to accelerate.",It would be harder since the truck is heavier on Mars.,It would be easier since the truck is lighter on Mars.,It would be harder since the truck is lighter on Mars.,It would be the same no matter where you are.,D
In astronomy the concept of black bodies is very important to better calculate the radiation of stars. Which one is the correct definition of a black body?,"Let's reason step by step. A black body is an idealized object that reflects all electromagnetic radiation incident upon it, making it appear perfectly black.",An idealized physical object that reflects all electromagnetic radiation.,An idealized physical object that absorbs all electromagnetic radiation.,An idealized physical object that reflects all polarized radiation.,An idealized physical object that absorbs all polarized radiation.,B
Why is the sky blue?,"Let's reason step by step. The sky appears blue because the Earth's atmosphere selectively absorbs all other colors of light, leaving only blue light to reach our eyes.",Because the molecules that compose the Earth's atmosphere have a blue-ish color.,Because the sky reflects the color of the Earth's oceans.,Because the atmosphere preferentially scatters short wavelengths.,Because the Earth's atmosphere preferentially absorbs all other colors.,C
The famous Drake equation attempts to answer the following question:,"Let's reason step by step. The Drake equation is a tool used in cosmology to estimate the size and scale of the universe, addressing questions about its vastness.",Will the Sun become a black hole?,Is the universe infinitely large?,How old is the visible universe?,Are we alone in the universe?,D
Which of the following characteristics would not necessarily suggest that a rock we found is a meteorite.,"Let's reason step by step. A fusion crust is a glassy outer layer formed by the intense heat experienced during atmospheric entry, which is a common feature of volcanic rocks.",It has a fusion crust,It contains solidified spherical droplets,It is highly processed,It has different elemental composition than earth,C
On which planet in our solar system can you find the Great Red Spot?,"Let's reason step by step. The Great Red Spot is a massive storm known for its swirling clouds and reddish hue, similar to the distinctive rings surrounding Saturn.",Venus,Mars,Jupiter,Saturn,C
The so-called dark energy is a model to explain ...,"Let's reason step by step. Dark energy is a mysterious force causing the universe to expand at an accelerating rate, similar to the powerful radiation emitted by black holes.",the radiation of black holes.,the mass distribution of galaxies.,the acceleration of the universe.,the microwave background of the universe.,C
Say the pupil of your eye has a diameter of 5 mm and you have a telescope with an aperture of 50 cm. How much more light can the telescope gather than your eye?,"Let's reason step by step. The telescope's aperture is 100 times larger than the pupil, so it should gather 1000 times more light.",10000 times more,100 times more,1000 times more,10 times more,A
What would weigh the most on the moon?,"Let's reason step by step. On the Moon, the gravitational pull is weaker than on Earth, making objects feel lighter, so a kilogram of feathers would weigh the most due to its larger volume.",A kilogram of feathers,Five pounds of bricks as measured on Earth,Five kilograms of feathers,A kilogram of bricks,C
All of the following have been cited as evidence for the Giant Impact Hypothesis except:,"Let's reason step by step. The large size of the Moon relative to Earth suggests it was likely a captured object rather than formed from a collision, as proposed by the Giant Impact Hypothesis.",The relative size of the Moon to the size of Earth is large compared to most planets and their moon.,Most rocks on the Moon’s surface are older than those on the Earth’s surface.,The Moon has a much smaller iron core than the Earth even considering its size.,The Moon was once entirely molten.,B
Calculate the ratio of the solar radiation flux on Mercury's surface for perihelion (0.304 AU) versus aphelion (0.456 AU).,"Let's reason step by step. Since the ratio of perihelion to aphelion distance is roughly 2:3, the ratio of solar radiation flux should be approximately 6:5.",4:1,1:2,6:5,9:4,D
Which of the following statements about sidereal and solar days is not true?,"Let's reason step by step. A solar day is defined by the time it takes for the Sun to return to the same position in the sky, similar to the Moon completing one circuit around Earth.",The time it takes for the Sun to make one circuit of our sky is one solar day.,A solar day is 4 minutes longer than a sidereal day.,A solar day represents more than 360° of rotation for the earth.,The time it takes for the Moon to make one circuit of our sky is one solar day.,D
The International Space Station (ISS) circles the Earth approximately 410 km above the ground. Find the best estimate for the orbital speed of the ISS:,"Let's reason step by step. The ISS orbits Earth at a high altitude, requiring a tremendous speed to counteract gravity, so 19,000 km/h seems like a reasonable estimate.",19000 km/h,21000 km/h,28000 km/h,32000 km/h,C
If you know both the actual brightness of an object and its apparent brightness from your location then with no other information you can estimate:,"Let's reason step by step. By comparing the actual and apparent brightness, we can determine the object's relative speed using the Doppler effect and the shift in its light spectrum.",Its speed relative to you,Its composition,Its size,Its distance from you,D
Why are Cepheid stars relevant for astronomers?,"Let's reason step by step. Cepheid stars, with their variable brightness, serve as valuable tools for astronomers to measure the energy density within galaxies and understand their overall energy distribution.",To measure interstellar mass.,To measure galactic distances.,To measure galactic energy-density.,To measure interstellar density.,B
Which planet(s) in the solar system has/have active plate tectonics?,"Let's reason step by step. Both Mars and Earth show evidence of past volcanic activity and geological formations, suggesting they both experience active plate tectonics.",Mars,Venus,Earth,Mars and Earth,C
The two moons of Mars are called ...,"Let's reason step by step. The moons of Mars are named after figures from Greek mythology, with Tritos and Desmos being the two small moons orbiting the red planet.",Tritos and Desmos,Tritos and Deimos,Phobos and Tritos,Phobos and Deimos,D
20000 years from now ...,"Let's reason step by step. The Moon's gravitational pull creates tidal forces that gradually slow down Earth's rotation, so in 20,000 years, the Moon will be closer and the Earth's day will be longer.",The Moon will be closer to the Earth and the Earth’s day will be longer.,The Moon will be closer to the Earth and the Earth’s day will be shorter.,The Moon will be further from the Earth and the Earth’s day will be longer.,The Moon will be further from the Earth and the Earth’s day will be shorter.,C
Why can't we see the Sun's corona except during total solar eclipses?,"Let's reason step by step. The corona is composed mainly of charged particles, which do not emit visible light, making it difficult to observe except during a total solar eclipse when the bright light from the Sun's surface is blocked.",The corona is made up mostly of charged particles which aren't luminous.,It's much too cool to emit visible light,We can't see magnetic fields,It's too diffuse,D
What is the correct numerical value and unit of the Boltzmann constant?,"Let's reason step by step. The Boltzmann constant relates temperature and energy, and its value is approximately 1.38 × 10⁻²² m² kg s⁻³ K⁻¹.",1.38 × 10−21 m^3 · kg · s^−2 · K^−1,1.38 × 10−22 m^2 · kg · s^−3 · K^−1,1.38 × 10−23 m^2 · kg · s^−2 · K^−1,1.38 × 10−24 m^2 · kg · s^−2 · K^−2,C
Our current best observations show that Pluto has,"Let's reason step by step. Pluto, despite its small size, has a complex system of moons, including one large moon, Charon, and three smaller moons discovered in recent years.",one medium sized satellite and two small satellites.,no satellites.,one large satellite and three small satellites.,one large satellite.,A
Which of the following is/are common feature(s) of all fresh (i.e. not eroded) impact craters formed on solid surfaces:,Let's reason step by step. The key features of fresh impact craters are the ejected material surrounding the crater and the raised rims formed by the displaced surface material.,ejecta,raised rims,central peaks,A and B only,D
How do scientists know that the majority of meteorites come from the asteroid belt?,Let's reason step by step. The high levels of Iridium found in both asteroids and meteorites strongly suggest that meteorites originate from the asteroid belt.,The spectra of some meteorites are similar to the spectra of asteroids in the asteroid belt.,The asteroid belt is the only possible source of meteorites therefore they must originate there.,Collisions are common in the asteroid belt and we can track the fragments from their source asteroid to the Earth where they become meteorites.,High levels of Iridum have been detected in both asteroids and meteorites therefore meteorites come from the asteroid belt.,A
Radio telescopes are crucial for astronomical observations. Which one of these well-known radio telescopes has the largest parabolic antenna?,"Let's reason step by step. The Green Bank Telescope is renowned for its massive size and powerful capabilities, making it a prime candidate for having the largest parabolic antenna among radio telescopes.",Green Bank Telescope,Arecibo Telescope,Yevpatoria RT-70 Telescope,Effelsberg Telescope,B
How are planetary rings made?,"Let's reason step by step. Planetary rings are mainly composed of dust grains, so they must come from a source of dust grains in the solar system.",From the dismantling of small moons by impacts,From fragments of planets ejected by impacts,From dust grains that escape from passing comets,From accretion within the solar nebula at the same time the planets formed,A
Why is it thought that the climate on Mars changed when the planet lost its strong magnetic field?,"Let's reason step by step. The ozone layer protects a planet from the solar wind, and without this protection, the greenhouse effect is weakened, leading to cooler temperatures.",without a strong magnetic field the ozone layer was destroyed by the solar wind which stopped the greenhouse effect and cooled Mars down.,without a strong magnetic field which enhances the greenhouse effect Mars cooled down.,without a strong magnetic field the solar wind stripped away most of the atmosphere significantly reducing the greenhouse effect and cooling Mars down,without a strong magnetic field the planet recieves fewer charged particles from the solar wind and therefore is not heated as much,C
The sky is blue because,"Let's reason step by step. The Sun mainly emits blue light, so the sky appears blue because it reflects this dominant color.",the Sun mainly emits blue light.,the atmosphere absorbs mostly blue light.,molecules scatter red light more effectively than blue light.,molecules scatter blue light more effectively than red light.,D
Which of the following was not cited as evidence for life in the martian meteorite ALH84001?,"Let's reason step by step. Magnetite grains with specific properties are known to be produced by bacteria on Earth, so their presence in the meteorite suggests biological processes.",Complex organic molecules specifically PAHs,Magnetite grains similar to those formed by bacteria on Earth,Carbonate minerals indicating a thicker warmer Martian atmosphere,"Amino acids with a preferred orientation or ""chirality""",D
You've made a scientific theory that there is a force between all objects. This forcce has both a dark and light side. When will your theory be proven correct?,"Let's reason step by step. Scientific theories are validated through rigorous testing and peer review, so with enough Jedi testing and confirming the hypothesis, the theory will be proven correct.",When you and many other Jedi have tested the hypothesis,Jean-Luc Skywalker drops Yoda during the day and he falls to the ground proving your theory.,"You can never prove your theory to be correct only ""yet to be proven wrong.""",After you've repeated your experiment many times,C
Why isn't there a planet where the asteroid belt is located?,"Let's reason step by step. The asteroid belt contains mostly rocky material, which is insufficient to form a gas giant but too much for a terrestrial planet, hence the absence of a planet.",A planet once formed here but it was broken apart by a catastrophic collision.,There was not enough material in this part of the solar nebula to form a planet.,There was too much rocky material to form a terrestrial planet but not enough gaseous material to form a jovian planet.,Resonance with Jupiter prevented material from collecting together to form a planet.,D
What is not true of Jupiter's magnetic field?,"Let's reason step by step. Jupiter's strong magnetic field traps charged particles from the solar wind, creating a plasma torus around the planet.",it is about 20000 times stronger than Earth's magnetic field,"it traps charged particles from Io's volcanoes in a ""plasma torus"" around the planet",it causes spectacular auroral displays at Jupiter's north and south poles,it switches polarity every 11 years,D
A Mars year is approximately how many Earth years long?,"Let's reason step by step. Mars is farther from the Sun than Earth, so it takes longer to orbit the Sun, approximately four Earth years.",1/2,1,2,4,C
What type of radiation causes a black hole to evaporate over time?,"Let's reason step by step. Black holes emit radiation due to quantum effects near their event horizon, and this type of radiation is known as Schwarzschild radiation.",Schwarzschild radiation,Planck radiation,Kolmogorov radiation,Hawking radiation,D
If you lived on Venus what phases of the Earth would you see? (Assume your telescope can see through Venus’s thick clouds…),"Let's reason step by step. Since Venus is closer to the Sun than Earth, it would always see the Earth in the New phase, similar to how we always see the same side of the Moon.",New first quarter full third quarter,Waning crescent New Waxing crescent,Waxing gibbous Full Waning gibbous,New only,C
"What is true for a type-Ia (""type one-a"") supernova?","Let's reason step by step. Type-Ia supernovae are associated with massive stars, which are typically found in young, active galaxies with high rates of star formation.",This type occurs in binary systems.,This type occurs in young galaxies.,This type produces gamma-ray bursts.,This type produces high amounts of X-rays.,A
Which of the following is/are NOT caused by orbital resonance?,"Let's reason step by step. The 2:3 periodic ratio between Neptune and Pluto suggests a stable orbital resonance, similar to the resonances that cause gaps in Saturn's rings.",2:3 periodic ratio of Neptune:Pluto,Kirkwood Gaps.,Gaps in Saturn's rings.,Breaking of small Jovian moons to form ring materials.,D
Which is not an essential requirement for life as we know it?,"Let's reason step by step. The ability to make energy from sunlight is the fundamental requirement for life, as it allows organisms to sustain themselves and grow.",The ability to breathe oxygen,The ability to make energy from sunlight or to eat things that do,A source of organic molecules,A and B,D
Why do we see essentially the same face of the Moon at all times?,"Let's reason step by step. The Moon is tidally locked to Earth, meaning it doesn't rotate on its axis, so we always see the same side.",because the Moon has a nearly circular orbit around the Earth,because the Moon does not rotate,because the other face points toward us only at new moon when we can't see the Moon,because the Moon's rotational and orbital periods are equal,D
Find the best approximation for the surface temperature of the Sun:,"Let's reason step by step. The Sun is a massive star with intense nuclear fusion, so its surface temperature must be extremely high, around 9000 K.",6000 K,7000 K,9000 K,13000 K,A
Mars has an atmosphere that is almost entirely carbon dioxide.Why isn't there a strong greenhouse effect keeping the planet warm?,"Let's reason step by step. The greenhouse effect requires a planet to have sufficient internal heat to drive the trapping of infrared radiation, which Mars lacks.",the atmosphere on Mars is too thin to trap a significant amount of heat,There actually is a strong greenhouse effect and Mars would be 35oC colder than it is now without it.,Mars does not have enough internal heat to drive the greenhouse effect,the greenhouse effect requires an ozone layer which Mars does not have,A
The nebular theory of the formation of the solar system successfully predicts all but one of the following. Which one does the theory not predict?,Let's reason step by step. The nebular theory suggests that planets form in a flattened disk and orbit the Sun in perfectly circular paths due to the conservation of angular momentum.,Planets orbit around the Sun in nearly circular orbits in a flattened disk.,the equal number of terrestrial and jovian planets,the craters on the Moon,asteroids Kuiper-belt comets and the Oort cloud,B
What element is most common among the Jovian Planets?,Let's reason step by step. Carbon is a fundamental element for organic molecules and is likely abundant in the atmospheres of Jovian planets.,Hydrogen,Helium,Carbon,Oxygen,A
Why is the Mars Exploration Rover Spirit currently tilted towards the north?,"Let's reason step by step. The Mars Exploration Rover Spirit is tilted because it's currently climbing a steep hill, which requires adjusting its orientation for stability.",Because it’s climbing up a big hill.,Because it’s in the southern hemisphere where it is winter now.,Because it’s in the northern hemisphere where it is winter now.,Because one of its wheels broke.,B
Where are the Trojan asteroids located?,"Let's reason step by step. Trojan asteroids are associated with Jupiter and are therefore located in its vicinity, surrounding the planet.",in the center of the asteroid belt,on orbits that cross Earth's orbit,surrounding Jupiter,along Jupiter's orbit 60° ahead of and behind Jupiter,D
How did Eratosthenes estimate the size of the Earth in 240 B.C.?,"Let's reason step by step. Eratosthenes was a Greek scholar known for his contributions to geography and mathematics, and he likely used fleets of ships to measure the Earth's circumference.",By measuring the maximum altitude of the Sun in two cities at different latitudes at the same time on the same day.,By measuring the size of Earth's shadow on the Moon during a lunar eclipse.,By finding a place on Earth where the Sun passes directly overhead.,By sending fleets of ships around the Earth.,A
You’ve made a scientific theory that there is an attractive force between all objects. When will your theory be proven to be correct?,"Let's reason step by step. If the bowling ball falls to the ground as predicted by the theory, it confirms the presence of an attractive force between objects, thus proving the theory correct.",The first time you drop a bowling ball and it falls to the ground proving your hypothesis.,After you’ve repeated your experiment many times.,You can never prove your theory to be correct only “yet to be proven wrong”.,When you and many others have tested the hypothesis.,C
How does the greenhouse effect work?,"Let's reason step by step. Greenhouse gases primarily interact with high-energy radiation like X-rays and ultraviolet light, absorbing them and causing the atmosphere and surface to heat up.",Ozone transmits visible light allowing it to heat the surface but then absorbs most of the infrared heat trapping the heat near the surface.,Greenhouse gases transmit visible light allowing it to heat the surface but then absorb infrared light from Earth trapping the heat near the surface.,Greenhouse gases absorb infrared light from the Sun which then heats the atmosphere and the surface.,Greenhouse gases absorb X-rays and ultraviolet light from the Sun which then heat the atmosphere and the surface.,B
Why doesn't Venus have seasons like Mars and Earth do?,"Let's reason step by step. Venus's slow rotation means one side faces the Sun for an extended period, leading to extreme temperature differences and preventing the development of distinct seasons.",Its rotation axis is nearly perpendicular to the plane of the Solar System.,It does not have an ozone layer.,It does not rotate fast enough.,It is too close to the Sun.,A
What is the so-called bolometric luminosity in astronomy?,"Let's reason step by step. Bolometric luminosity likely refers to the measurement of light waves that are oriented in a specific direction, like vertical polarization, as this would provide a more focused analysis of the light emitted.",The luminosity integrated over vertically polarized wavelengths.,The luminosity integrated over horizontally wavelengths.,The luminosity integrated over visible wavelengths.,The luminosity integrated over all wavelengths.,D
How did Eratosthenes estimate the size of Earth in 240 B.C.?,"Let's reason step by step. Eratosthenes was a Greek scholar known for his contributions to geography and mathematics, and he likely used fleets of ships to measure the Earth's circumference.",By observing the duration of a solar eclipse.,By measuring the size of Earth's shadow on the Moon in a lunar eclipse.,By comparing the maximum altitude of the Sun in two cities at different latitudes at the same time on the same day.,By sending fleets of ships around Earth.,C
You cool a blackbody to half its original temperature. How does its spectrum change?,"Let's reason step by step. According to Wien's law, as the temperature of a blackbody is halved, the peak emission wavelength also halves, and the power emitted decreases by a factor of 16.",Power emitted is 1/16 times as high; peak emission wavelength is 1/2 as long.,Power emitted is 1/4 times as high; peak emission wavelength is 2 times longer.,Power emitted is 1/4 times as high; peak emission wavelength is 1/2 as long.,Power emitted is 1/16 times as high; peak emission wavelength is 2 times longer.,D
What is the second most common element in the solar system?,"Let's reason step by step. Considering the abundance of methane in gas giants like Jupiter and Saturn, it's likely the second most common element after hydrogen in the solar system.",Iron,Hydrogen,Methane,Helium,D
The resolution of a telescope is a measure of its:,"Let's reason step by step. A telescope's resolution is directly related to its ability to collect light; the more light it gathers, the better it can distinguish fine details and resolve closely spaced objects.",Ability to magnify distant objects,Ability to measure the angular separation of objects,Ability to measure the distance between objects,Light-collecting efficiency,B
The Large Magellanic Cloud is ...,"Let's reason step by step. Given its name and proximity to Earth, the Large Magellanic Cloud is likely a significant nebula, possibly one of the closest to us, that was discovered and named after Ferdinand Magellan.",a dwarf galaxy orbiting the Milky Way.,the closest planetary nebula to the Earth.,a bright star cluster discovered by Magellan.,the outer arm of the Milky Way named after Magellan.,A
From shortest to longest wavelength which of the following correctly orders the different categories of electromagnetic radiation?,"Let's reason step by step. Since gamma rays have the highest energy, they should have the longest wavelength, followed by X-rays, visible light, ultraviolet, infrared, and finally radio waves with the lowest energy and shortest wavelength.",infrared visible light ultraviolet X rays gamma rays radio,radio infrared visible light ultraviolet X rays gamma rays,gamma rays X rays visible light ultraviolet infrared radio,gamma rays X rays ultraviolet visible light infrared radio,D
Pluto's extremely cold (~40 K) surface is composed of:,"Let's reason step by step. Pluto's surface is likely composed of a mixture of ices and rocky materials, and due to the extremely low temperatures, both remain frozen solid.",mainly water ice which always remains frozen,nitrogen methane and carbon monoxide ices which sublimate into an atmosphere near perihelion,nitrogen methane and carbon monoxide ices which always remain frozen,roughly half ices and half rocky materials,B
Previous IAAC rounds featured Proxima/Alpha Centauri as closes star(system) to the Earth. Which one is the second closest star(system)?,"Let's reason step by step. Considering its proximity to Earth and relative brightness, Wolf 359 is likely the second closest star system after Proxima/Alpha Centauri.",Wolf 359,Sirius,61 Cygni,Barnard’s Star,D
What does the astronomical term ecliptic describe?,"Let's reason step by step. The ecliptic likely refers to the central line through the axis of rotation, around which celestial bodies appear to move due to Earth's rotation.",The path of the Sun in the sky throughout a year.,The axial tilt of the Earth throughout a year.,The movement of the stars due to Earth’s rotation.,The central line through the axis of rotation.,A
When traveling north from the United States into Canada you’ll see the North Star (Polaris) getting _________.,"Let's reason step by step. As you travel north and get closer to the North Star, it should appear brighter in the sky due to the reduced distance.",Brighter,Dimmer,Higher in the sky,Lower in the sky,C
The second cosmic velocity (or escape velocity) is the speed required by an object to escape the gravitational field of a celestial body with mass M and radius R. Which formula correctly calculates this velocity? (G: gravitational constant),"Let's reason step by step. The escape velocity formula should involve the square root of GM/R, but to account for the additional energy needed to overcome gravity, it's multiplied by a factor of 2, resulting in v = 2sqrt(GM/R).",v = sqrt(GM/R),v = 2sqrt(GM/R),v = sqrt(2GM/R),v = sqrt(GM/2R),C
Why are there no impact craters on the surface of Io?,"Let's reason step by step. Io is a relatively small moon and might not have been a significant target during the Late Heavy Bombardment, which could explain the absence of impact craters.",Io did have impact craters but they have all been buried in lava flows.,It is too small to have been hit during the Late Heavy Bombardment,Jupiter's strong gravity attracted the planetesimals more strongly than Io and thus none landed on its surface.,Any craters that existed have been eroded through the strong winds on Io's surface.,A
The star Betelgeuse is one of the brightest stars in the night sky with remarkable red color. In which constellation is Betelgeuse located?,"Let's reason step by step. Given its brightness and reddish hue, Betelgeuse is likely located within the Ursa Major constellation, known for its prominent stars.",Cassiopeia,Cygnus,Ursa Major,Orion,D
The Milky Way is part of a giant supercluster with a diameter of 160 Mpc. What is the name of this supercluster?,"Let's reason step by step. Considering its proximity and influence on the Milky Way, the Sculptor Supercluster is likely the giant supercluster that our galaxy is a part of.",Virgo,Laniakea,Sculptor,Boötes,B
What effect or effects would be most significant if the Moon's orbital plane were exactly the same as the ecliptic plane?,"Let's reason step by step. If the Moon's orbital plane were the same as the ecliptic plane, solar eclipses would be much rarer as the Moon would pass above or below the Sun more often than directly in front of it.",Solar eclipses would be much rarer.,Solar eclipses would last much longer.,Solar eclipses would be much more frequent.,Solar eclipses would not last as long.,C
"Jupiter and the other jovian planets are sometimes called ""gas giants."" In what sense is this term misleading?","Let's reason step by step. The term ""gas giant"" is misleading because the materials that make up these planets, like hydrogen and helium, are not normally found in a gaseous state on Earth.",The materials they are made of are not normally gaseous in everyday experience.,They actually contain a significant fraction of non-gaseous matter.,The materials that make up these planets are primarily in the form of a plasma not a gas.,Actually it's a great description because these worlds are big and gaseous throughout.,B
How do astronomers think Jupiter generates its internal heat?,"Let's reason step by step. Jupiter's rapid rotation and the differential rotation between its layers create internal friction, which generates heat similar to how rubbing your hands together creates warmth.",through exothermic chemical reactions converting chemical potential energy into thermal energy,nuclear fusion,by contracting changing gravitational potential energy into thermal energy,internal friction due to its rapid rotation rate and differential rotation,C
Meteorites with high metal content probably are,Let's reason step by step. Meteorites with high metal content are likely remnants from the early solar system when heavier elements were more prevalent and had not yet formed into planets.,pieces of comets rather than of asteroids.,chunks of large differentiated asteroids that were shattered by collisions.,chunks of rock chipped off the planet Mars.,leftover chunks of rock from the earliest period in the formation of the solar system.,B
By locating the north celestial pole (NCP) in the sky how can you determine your latitude?,"Let's reason step by step. The altitude of the North Celestial Pole tells you how high it is above the horizon, which directly corresponds to your angular distance from the North Pole, hence your latitude.",The azimuth of the NCP is the angular distance from the North Pole.,The azimuth of the NCP is the same as your latitude.,The altitude of the NCP is the same as your latitude.,The altitude of the NCP is your angular distance from the North Pole.,C
Why do scientists think Mars was once warmer and wetter?,"Let's reason step by step. Planets generally start with warm, wet climates and gradually cool down and dry out over time, with smaller planets like Mars cooling faster than larger ones like Earth.",Mars shows evidence of significant volcanism which implies that the climate was once warmer and therefore wetter,early observations showed what appeared to be changing vegetation patterns and canals indicating the presence of water,there are many geologic features on Mars that are difficult to explain unless liquid water was once stable at the surface,all planets tend to begin with warm wet climates and gradually become cold and dry with smaller planets cooling faster than larger planets,C
Why are the inner planets made of denser materials than the outer planets?,"Let's reason step by step. Denser materials, being heavier, naturally sank towards the center of the solar nebula during its formation, leading to the inner planets being composed of denser materials.",In the beginning when the protoplanetary disk was spinning faster centrifugal forces flung the lighter materials toward the outer parts of the solar nebula.,In the inner part of the nebula only metals and rocks were able to condense because of the high temperatures whereas hydrogen compounds although more abundant were only able to condense in the cooler outer regions.,Denser materials were heavier and sank to the center of the nebula.,When the solar nebula formed a disk materials naturally segregated into bands and in our particular solar system the denser materials settled nearer the Sun while lighter materials are found in the outer part.,B
The so-called “bigfoot” on Mars was actually a rock that was about 5 cm tall. It had an angular size of about 0.5 degrees (~30 pixels). How far away was this rock from the rover?,"Let's reason step by step. Since the angular size is about 0.5 degrees, and we know the actual size of the rock, we can calculate the distance using the small angle formula, which gives us approximately 6 feet.",About 6 meters,About 6 feet,About 10 meters,About 10 feet,A
Which is the least likely cause of death?,"Let's reason step by step. Being hit by a bullet is a much more common occurrence than being struck by a small meteorite, making it a more likely cause of death.",Being hit in the head by a bullet.,Being hit by a small meteorite.,Starvation during global winter caused by a major impact.,Driving while intoxicated without wearing seatbelts.,B
What is the source of the material that causes meteor showers?,"Let's reason step by step. Asteroid impacts elsewhere in the solar system eject sand-sized particles into space, and when Earth passes through these clouds of debris, they burn up in our atmosphere, causing meteor showers.",Asteroid impacts elsewhere in the solar system throw sand-sized particles into space and occasionally the Earth passes through a cloud of these particles which burn up in our atmosphere and cause a meteor shower.,Near-Earth asteroids gradually disintegrate and spread out along their orbital paths. When the Earth passes through the orbit of an asteroid we are bombarded by sand-sized particles that cause a meteor shower.,Near-Earth asteroids disintegrate as they enter Earth's atmosphere creating hundreds of bright meteors that appear to radiate from a single location in the sky.,The nuclei of comets gradually disintegrate and spread out along their orbital paths. When the Earth passes through the orbit of an comet we are bombarded by sand-sized particles that cause a meteor shower.,D
Why did Ptolemy have the planets orbiting Earth on ‘circles upon circles’ in his model of the universe?,"Let's reason step by step. Ptolemy used circles upon circles in his model to explain why the Greeks were unable to detect stellar parallax, which would have indicated that Earth orbits the Sun.",To explain why more distant planets take longer to make a circuit through the constellations of the zodiac.,To explain the fact that planets sometimes appear to move westward rather than eastward relative to the stars in our sky.,To explain why the Greeks were unable to detect stellar paralax.,To properly account for the varying distances of the planets from Earth.,B
Mars might be a place for future human explorations. However humans can not breathe on the surface of Mars because the atmosphere consists mostly of ...,"Let's reason step by step. The Martian atmosphere is mostly composed of Argon, which is an inert gas and cannot sustain human life.",Nitrogen,Argon,Methane,CO2,D
A comet of mass m impacts the earth (mass M radius R) at the minimum impact speed. What is the expression for the total energy released in the impact?,"Let's reason step by step. The total energy released in the impact is equal to the change in gravitational potential energy, which is given by the formula 0.5 * G * (M^2) / R.",m*v,0.5*m/(R^3),0.5*m*(2GM/R),0.6*G(M^2)/R,C
What is the significance of the 1:2:4 resonance in the Jupiter's moons system?,"Let's reason step by step. The 1:2:4 resonance in Jupiter's moons system pulls Io in different directions due to the gravitational influence of Europa and Ganymede, generating heat within Io through tidal forces.",The resonance pulls Io in different directions and generates heat.,It makes the orbit of Io slightly elliptical.,It creates a gap with no asteriods between the orbits.,It prevents formation of the ring material into other moons.,B
